{"cameraMode":{"drawMode":0,"name":"Shaded","section":"Shading Mode"},"sceneLighting":false,"audioPlay":false,"sceneViewState":{"m_AlwaysRefresh":false,"showFog":true,"showSkybox":false,"showFlares":true,"showImageEffects":true,"showParticleSystems":true,"showVisualEffectGraphs":true,"m_FxEnabled":true},"in2DMode":false,"pivot":{"x":0.23000001907348634,"y":0.9100000858306885,"z":0.4263193607330322},"rotation":{"x":-0.22481010854244233,"y":-0.10153374820947647,"z":0.02352537028491497,"w":-0.9688425064086914},"size":7.097043514251709,"orthographic":true}